{"cameraMode":{"drawMode":0,"name":"Shaded","section":"Shading Mode"},"sceneLighting":false,"audioPlay":false,"sceneViewState":{"m_AlwaysRefresh":false,"showFog":true,"showSkybox":false,"showFlares":true,"showImageEffects":true,"showParticleSystems":true,"showVisualEffectGraphs":true,"m_FxEnabled":true},"in2DMode":false,"pivot":{"x":0.23017656803131104,"y":-10.603581428527832,"z":5.6241841316223148},"rotation":{"x":-0.19722995162010194,"y":0.023829296231269838,"z":-0.004694515839219093,"w":-0.9799490571022034},"size":0.15681563317775727,"orthographic":false}